{"iteration":4000,"_wandb":{"runtime":165},"loss":4.708026051795771,"_runtime":165.552326364,"final_loss":0,"_timestamp":1.7422604412780752e+09,"completed":true,"_step":40,"percent_complete":100}